{"cameraMode":{"drawMode":0,"name":"Shaded","section":"Shading Mode"},"sceneLighting":true,"audioPlay":false,"sceneViewState":{"showFog":true,"showMaterialUpdate":false,"showSkybox":true,"showFlares":true,"showImageEffects":true,"showParticleSystems":true},"in2DMode":false,"pivot":{"x":-238.4967041015625,"y":46.611419677734378,"z":168.51956176757813},"rotation":{"x":0.19531841576099397,"y":-0.8014392256736755,"z":0.4376852214336395,"w":0.35792386531829836},"size":109.44432067871094,"orthographic":false}